{"nom":"Ahuntsic","numeroSucc":25,"listeClients":[{"nom":"Jean","prenom":"Ricardo","MAX":10,"listeCompte":[{"LIMITERETRAIT":1000,"LIMITEDEPOT":1000,"DECOUVERTMAX":-500,"numCompte":"843-0001-25","solde":1300.0,"dateOuverture":"14/11/2021","listeOperations":[{"dateOperation":"14/11/2021","type":true,"montant":400.0},{"dateOperation":"14/11/2021","type":true,"montant":600.0},{"dateOperation":"14/11/2021","type":false,"montant":200.0}],"numeroSucc":25,"listeClients":[]},{"TAUXINTERET":0.05,"interetObtenu":5.269589041095891,"soldeDepart":5900.0,"numCompte":"543-0004-25","solde":5900.0,"dateOuverture":"01/02/2020","listeOperations":[{"dateOperation":"14/11/2021","type":true,"montant":900.0}],"numeroSucc":25,"listeClients":[]}]}]}